1/12/2018 5:30,The Socialist Concept of Liberty #Bastiat , "http://bastiat.org/en/the_law.html#SECTION_G061"
1/12/2018 7:55,The Law and Charity #Bastiat , "http://bastiat.org/en/the_law.html#SECTION_G032"
1/12/2018 10:20,Three Systems of Plunder #Bastiat , "http://bastiat.org/en/the_law.html#SECTION_G028"
1/12/2018 12:45,Socialists Fear All Liberties #Bastiat , "http://bastiat.org/en/the_law.html#SECTION_G062"
1/12/2018 15:10,What Is Liberty? #Bastiat , "http://bastiat.org/en/the_law.html#SECTION_G053"
1/12/2018 17:35,Life Is a Gift from God #Bastiat , "http://bastiat.org/en/the_law.html#SECTION_G003"
1/12/2018 20:00,A Defense of Compulsory Labor #Bastiat , "http://bastiat.org/en/the_law.html#SECTION_G039"
1/12/2018 22:25,How to Identify Legal Plunder #Bastiat , "http://bastiat.org/en/the_law.html#SECTION_G020"
1/12/2018 0:50,The Leader of the Democrats #Bastiat , "http://bastiat.org/en/the_law.html#SECTION_G046"
1/12/2018 3:15,A Just and Enduring Government #Bastiat , "http://bastiat.org/en/the_law.html#SECTION_G005"
1/12/2018 5:40,Let Us Now Try Liberty #Bastiat , "http://bastiat.org/en/the_law.html#SECTION_G076"
1/12/2018 8:05,Legal Plunder Has Many Names #Bastiat , "http://bastiat.org/en/the_law.html#SECTION_G021"
1/12/2018 10:30,The Proper Function of the Law #Bastiat , "http://bastiat.org/en/the_law.html#SECTION_G024"
1/12/2018 12:55,Socialists Ignore Reason and Facts #Bastiat , "http://bastiat.org/en/the_law.html#SECTION_G042"
1/12/2018 15:20,The Complete Perversion of the Law #Bastiat , "http://bastiat.org/en/the_law.html#SECTION_G006"
1/12/2018 17:45,Who Shall Judge? #Bastiat , "http://bastiat.org/en/the_law.html#SECTION_G012"
1/12/2018 20:10,The Fatal Idea of Legal Plunder #Bastiat , "http://bastiat.org/en/the_law.html#SECTION_G015"
1/12/2018 22:35,Enforced Fraternity Destroys Liberty #Bastiat , "http://bastiat.org/en/the_law.html#SECTION_G026"
1/12/2018 1:00,Legislators Desire to Mold Mankind #Bastiat , "http://bastiat.org/en/the_law.html#SECTION_G048"
1/12/2018 3:25,What Is Law? #Bastiat , "http://bastiat.org/en/the_law.html#SECTION_G004"
1/12/2018 5:50,A Fatal Tendency of Mankind #Bastiat , "http://bastiat.org/en/the_law.html#SECTION_G007"
1/12/2018 8:15,Socialists Want to Regiment People #Bastiat , "http://bastiat.org/en/the_law.html#SECTION_G043"
1/12/2018 10:40,The Error of the Socialist Writers #Bastiat , "http://bastiat.org/en/the_law.html#SECTION_G052"
1/12/2018 13:05,Socialism Is Legal Plunder #Bastiat , "http://bastiat.org/en/the_law.html#SECTION_G022"
1/12/2018 15:30,Plunder Violates Ownership #Bastiat , "http://bastiat.org/en/the_law.html#SECTION_G027"
1/12/2018 17:55,The Basis for Stable Government #Bastiat , "http://bastiat.org/en/the_law.html#SECTION_G071"
1/12/2018 20:20,The Idea of Passive Mankind #Bastiat , "http://bastiat.org/en/the_law.html#SECTION_G041"
1/12/2018 22:45,Slavery and Tariffs Are Plunder #Bastiat , "http://bastiat.org/en/the_law.html#SECTION_G017"
1/12/2018 1:10,A Confusion of Terms #Bastiat , "http://bastiat.org/en/the_law.html#SECTION_G035"
1/12/2018 3:35,The Law and Education #Bastiat , "http://bastiat.org/en/the_law.html#SECTION_G033"
1/12/2018 6:00,The Vicious Circle of Socialism #Bastiat , "http://bastiat.org/en/the_law.html#SECTION_G059"
1/12/2018 8:25,Proper Legislative Functions #Bastiat , "http://bastiat.org/en/the_law.html#SECTION_G068"
1/12/2018 10:50,The Political Approach #Bastiat , "http://bastiat.org/en/the_law.html#SECTION_G031"
1/12/2018 13:15,The Doctrine of the Democrats #Bastiat , "http://bastiat.org/en/the_law.html#SECTION_G060"
1/12/2018 15:40,The Indirect Approach to Despotism #Bastiat , "http://bastiat.org/en/the_law.html#SECTION_G057"
1/12/2018 18:05,A Frightful Idea #Bastiat , "http://bastiat.org/en/the_law.html#SECTION_G045"
1/12/2018 20:30,Law Is a Negative Concept #Bastiat , "http://bastiat.org/en/the_law.html#SECTION_G030"
1/12/2018 22:55,A Famous Name and an Evil Idea #Bastiat , "http://bastiat.org/en/the_law.html#SECTION_G044"
1/12/2018 1:20,Socialists Want Equality of Wealth #Bastiat , "http://bastiat.org/en/the_law.html#SECTION_G051"
1/12/2018 3:45,Two Kinds of Plunder #Bastiat , "http://bastiat.org/en/the_law.html#SECTION_G018"
1/12/2018 6:10,A Temporary Dictatorship #Bastiat , "http://bastiat.org/en/the_law.html#SECTION_G050"
1/12/2018 8:35,Philanthropic Tyranny #Bastiat , "http://bastiat.org/en/the_law.html#SECTION_G054"
1/12/2018 11:00,Property and Plunder #Bastiat , "http://bastiat.org/en/the_law.html#SECTION_G008"
1/12/2018 13:25,The Reason Why Voting Is Restricted #Bastiat , "http://bastiat.org/en/the_law.html#SECTION_G013"
1/12/2018 15:50,The Answer Is to Restrict the Law #Bastiat , "http://bastiat.org/en/the_law.html#SECTION_G014"
1/12/2018 18:15,The Socialists Reject Free Choice #Bastiat , "http://bastiat.org/en/the_law.html#SECTION_G064"
1/12/2018 20:40,The Law and Morals #Bastiat , "http://bastiat.org/en/the_law.html#SECTION_G034"
1/12/2018 23:05,The Fate of Non-Conformists #Bastiat , "http://bastiat.org/en/the_law.html#SECTION_G011"
1/12/2018 1:30,Politics and Economics #Bastiat , "http://bastiat.org/en/the_law.html#SECTION_G067"
1/12/2018 3:55,Victims of Lawful Plunder #Bastiat , "http://bastiat.org/en/the_law.html#SECTION_G009"
1/12/2018 6:20,Perverted Law Causes Conflict #Bastiat , "http://bastiat.org/en/the_law.html#SECTION_G016"
1/12/2018 8:45,The Enormous Power of Government #Bastiat , "http://bastiat.org/en/the_law.html#SECTION_G066"
1/12/2018 11:10,The Cause of French Revolutions #Bastiat , "http://bastiat.org/en/the_law.html#SECTION_G065"
1/12/2018 13:35,Law and Charity Are Not the Same #Bastiat , "http://bastiat.org/en/the_law.html#SECTION_G069"
1/12/2018 16:00,The Choice Before Us #Bastiat , "http://bastiat.org/en/the_law.html#SECTION_G023"
1/12/2018 18:25,The Desire to Rule Over Others #Bastiat , "http://bastiat.org/en/the_law.html#SECTION_G075"
1/12/2018 20:50,The Superman Idea #Bastiat , "http://bastiat.org/en/the_law.html#SECTION_G063"
1/12/2018 23:15,The Socialists Despise Mankind #Bastiat , "http://bastiat.org/en/the_law.html#SECTION_G038"
1/12/2018 1:40,The Socialists Want Dictatorship #Bastiat , "http://bastiat.org/en/the_law.html#SECTION_G055"
1/12/2018 4:05,The Law Defends Plunder #Bastiat , "http://bastiat.org/en/the_law.html#SECTION_G019"
1/12/2018 6:30,The High Road to Communism #Bastiat , "http://bastiat.org/en/the_law.html#SECTION_G070"
1/12/2018 8:55,The Socialists Wish to Play God #Bastiat , "http://bastiat.org/en/the_law.html#SECTION_G037"
1/12/2018 11:20,Law Is Force #Bastiat , "http://bastiat.org/en/the_law.html#SECTION_G029"
1/12/2018 13:45,Legislators Told How to Manage Men #Bastiat , "http://bastiat.org/en/the_law.html#SECTION_G049"
1/12/2018 16:10,Socialists Want Forced Conformity #Bastiat , "http://bastiat.org/en/the_law.html#SECTION_G047"
1/12/2018 18:35,Dictatorial Arrogance #Bastiat , "http://bastiat.org/en/the_law.html#SECTION_G056"
1/12/2018 21:00,The Seductive Lure of Socialism #Bastiat , "http://bastiat.org/en/the_law.html#SECTION_G025"
1/12/2018 23:25,Napoleon Wanted Passive Mankind #Bastiat , "http://bastiat.org/en/the_law.html#SECTION_G058"
1/12/2018 1:50,Proof of an Idea #Bastiat , "http://bastiat.org/en/the_law.html#SECTION_G074"
1/12/2018 4:15,A Defense of Paternal Government #Bastiat , "http://bastiat.org/en/the_law.html#SECTION_G040"
1/12/2018 6:40,The Results of Legal Plunder #Bastiat , "http://bastiat.org/en/the_law.html#SECTION_G010"
1/12/2018 9:05,The Path to Dignity and Progress #Bastiat , "http://bastiat.org/en/the_law.html#SECTION_G073"
1/12/2018 11:30,Justice Means Equal Rights #Bastiat , "http://bastiat.org/en/the_law.html#SECTION_G072"
1/12/2018 13:55,The Influence of Socialist Writers #Bastiat , "http://bastiat.org/en/the_law.html#SECTION_G036"
