01/11/2018 5:40,"Your prostitutions determine your institutions. What is #TheGoal?" #Mgmt ,"http://www.qualitygurus.com/quotes/"
01/11/2018 8:05,"Mistakes are seldom free. Somebody was paid to make them that way." #Mistakes #Mgmt ,"http://www.qualitygurus.com/quotes/"
01/11/2018 10:30,"When you are going through hell, do not give up and stop there." #Motivation #Mgmt ,"http://www.qualitygurus.com/quotes/"
01/11/2018 17:45,"Quality begins with the very best intentions, which are fixed by management." #Quality #Mgmt ,"http://www.qualitygurus.com/quotes/"
01/11/2018 20:10,"Elegance is made from the impossible material of difficulty. #Simplicity is distilled from complexity." #Mgmt ,"http://www.qualitygurus.com/quotes/"
01/11/2018 22:35,"If you want to succeed twice as fast, quadruple your failure rate." #Mgmt ,"http://www.qualitygurus.com/quotes/"
01/11/2018 1:00,"The 5 why’s of problem-solving must not become the 5 Who’s (to blame)!" #Team #Mgmt,"http://www.qualitygurus.com/quotes/"
01/11/2018 5:30,"Change means movement. Movement means friction. Frictions means ointment." #Change #Mgmt ,"http://www.qualitygurus.com/quotes/"
01/11/2018 7:55,"He who knows, doesn't speak. He who speaks, doesn't know. He who does, does not worry." #Communication #Mgmt ,"http://www.qualitygurus.com/quotes/"
01/11/2018 10:20,"The only way of finding possibilities is by breaking into the impossible." #Creativity #Mgmt ,"http://www.qualitygurus.com/quotes/"
01/11/2018 12:45,"The one valid purpose of any [business] activity -- to serve well enough to create a LOYAL customer." #Customer #Mgmt,"http://www.qualitygurus.com/quotes/"
01/11/2018 15:10,"The stupidest thing helpful people do is hide opportunities by ignoring problems." #Failure #Mgmt ,"http://www.qualitygurus.com/quotes/"
/01/11/2018 17:35,"Beauty is in the eyes of the beer holder. Some see the glass half-full without knowing what's in the glass." #Mgmt ,"http://www.qualitygurus.com/quotes/"
01/11/2018 20:00,"The harder and more persistently we try, the luckier and more attractive we get." #Improvement #Mgmt ,"http://www.qualitygurus.com/quotes/"
01/11/2018 22:25,"Try not to be clever or famous, try to be sensible and useful." #Inspiration #Mgmt ,"http://www.qualitygurus.com/quotes/"
01/11/2018 0:50,"True knowledge has power...with enough voltage to get you killed." #Knowledge #Mgmt ,"http://www.qualitygurus.com/quotes/"
01/11/2018 3:15,"A #leader is a hope dealer and hope addicts do not care." #Bonaparte #Mgmt ,"http://www.qualitygurus.com/quotes/"

